Workbook

Sheet Location-Solution
A1: CODE | B1: CAUSE | C1: SOLUTION CODES
A2: L1 | B2: Secondary Effluent Stream | C2: {=IFERROR(INDEX('Solution Codes'!$A$2:$A9,MATCH(Draft!C2,'Solution Codes'!$B$2:$B9,0)))} -> S15 | D2: {=IFERROR(INDEX('Solution Codes'!$A$2:$A9,MATCH(Draft!D2,'Solution Codes'!$B$2:$B9,0)))} | E2: {=IFERROR(INDEX('Solution Codes'!$A$2:$A9,MATCH(Draft!E2,'Solution Codes'!$B$2:$B9,0)))} | F2: {=IFERROR(INDEX('Solution Codes'!$A$2:$A9,MATCH(Draft!F2,'Solution Codes'!$B$2:$B9,0)))} | G2: {=IFERROR(INDEX('Solution Codes'!$A$2:$A9,MATCH(Draft!G2,'Solution Codes'!$B$2:$B9,0)))} | H2: {=IFERROR(INDEX('Solution Codes'!$A$2:$A9,MATCH(Draft!H2,'Solution Codes'!$B$2:$B9,0)))} | I2: {=IFERROR(INDEX('Solution Codes'!$A$2:$A9,MATCH(Draft!I2,'Solution Codes'!$B$2:$B9,0)))} | J2: {=IFERROR(INDEX('Solution Codes'!$A$2:$A9,MATCH(Draft!J2,'Solution Codes'!$B$2:$B9,0)))} | K2: {=IFERROR(INDEX('Solution Codes'!$A$2:$A9,MATCH(Draft!K2,'Solution Codes'!$B$2:$B9,0)))}
A3: L2 | B3: Diverted Sidestream (Bypassing Secondary Treatment) | C3: {=IFERROR(INDEX('Solution Codes'!$A$2:$A9,MATCH(Draft!C3,'Solution Codes'!$B$2:$B9,0)))} -> S15 | D3: {=IFERROR(INDEX('Solution Codes'!$A$2:$A9,MATCH(Draft!D3,'Solution Codes'!$B$2:$B9,0)))} | E3: {=IFERROR(INDEX('Solution Codes'!$A$2:$A9,MATCH(Draft!E3,'Solution Codes'!$B$2:$B9,0)))} | F3: {=IFERROR(INDEX('Solution Codes'!$A$2:$A9,MATCH(Draft!F3,'Solution Codes'!$B$2:$B9,0)))} | G3: {=IFERROR(INDEX('Solution Codes'!$A$2:$A9,MATCH(Draft!G3,'Solution Codes'!$B$2:$B9,0)))} | H3: {=IFERROR(INDEX('Solution Codes'!$A$2:$A9,MATCH(Draft!H3,'Solution Codes'!$B$2:$B9,0)))} | I3: {=IFERROR(INDEX('Solution Codes'!$A$2:$A9,MATCH(Draft!I3,'Solution Codes'!$B$2:$B9,0)))} | J3: {=IFERROR(INDEX('Solution Codes'!$A$2:$A9,MATCH(Draft!J3,'Solution Codes'!$B$2:$B9,0)))} | K3: {=IFERROR(INDEX('Solution Codes'!$A$2:$A9,MATCH(Draft!K3,'Solution Codes'!$B$2:$B9,0)))}
A4: L3 | B4: Aeration Basin | C4: {=IFERROR(INDEX('Solution Codes'!$A$2:$A9,MATCH(Draft!C4,'Solution Codes'!$B$2:$B9,0)))} | D4: {=IFERROR(INDEX('Solution Codes'!$A$2:$A9,MATCH(Draft!D4,'Solution Codes'!$B$2:$B9,0)))} | E4: {=IFERROR(INDEX('Solution Codes'!$A$2:$A9,MATCH(Draft!E4,'Solution Codes'!$B$2:$B9,0)))} | F4: {=IFERROR(INDEX('Solution Codes'!$A$2:$A9,MATCH(Draft!F4,'Solution Codes'!$B$2:$B9,0)))} | G4: {=IFERROR(INDEX('Solution Codes'!$A$2:$A9,MATCH(Draft!G4,'Solution Codes'!$B$2:$B9,0)))} | H4: {=IFERROR(INDEX('Solution Codes'!$A$2:$A9,MATCH(Draft!H4,'Solution Codes'!$B$2:$B9,0)))} | I4: {=IFERROR(INDEX('Solution Codes'!$A$2:$A9,MATCH(Draft!I4,'Solution Codes'!$B$2:$B9,0)))} | J4: {=IFERROR(INDEX('Solution Codes'!$A$2:$A9,MATCH(Draft!J4,'Solution Codes'!$B$2:$B9,0)))} | K4: {=IFERROR(INDEX('Solution Codes'!$A$2:$A9,MATCH(Draft!K4,'Solution Codes'!$B$2:$B9,0)))}
A5: L4 | B5: Distribution Channel (Aeration Basin Outlet to Splitter Box) | C5: {=IFERROR(INDEX('Solution Codes'!$A$2:$A9,MATCH(Draft!C5,'Solution Codes'!$B$2:$B9,0)))} -> S21 | D5: {=IFERROR(INDEX('Solution Codes'!$A$2:$A9,MATCH(Draft!D5,'Solution Codes'!$B$2:$B9,0)))} | E5: {=IFERROR(INDEX('Solution Codes'!$A$2:$A9,MATCH(Draft!E5,'Solution Codes'!$B$2:$B9,0)))} | F5: {=IFERROR(INDEX('Solution Codes'!$A$2:$A9,MATCH(Draft!F5,'Solution Codes'!$B$2:$B9,0)))} | G5: {=IFERROR(INDEX('Solution Codes'!$A$2:$A9,MATCH(Draft!G5,'Solution Codes'!$B$2:$B9,0)))} | H5: {=IFERROR(INDEX('Solution Codes'!$A$2:$A9,MATCH(Draft!H5,'Solution Codes'!$B$2:$B9,0)))} | I5: {=IFERROR(INDEX('Solution Codes'!$A$2:$A9,MATCH(Draft!I5,'Solution Codes'!$B$2:$B9,0)))} | J5: {=IFERROR(INDEX('Solution Codes'!$A$2:$A9,MATCH(Draft!J5,'Solution Codes'!$B$2:$B9,0)))} | K5: {=IFERROR(INDEX('Solution Codes'!$A$2:$A9,MATCH(Draft!K5,'Solution Codes'!$B$2:$B9,0)))}
A6: L5 | B6: Distribution Channel (Splitter Box to Secondary Clarifier Center Well) | C6: {=IFERROR(INDEX('Solution Codes'!$A$2:$A9,MATCH(Draft!C6,'Solution Codes'!$B$2:$B9,0)))} -> S21 | D6: {=IFERROR(INDEX('Solution Codes'!$A$2:$A9,MATCH(Draft!D6,'Solution Codes'!$B$2:$B9,0)))} | E6: {=IFERROR(INDEX('Solution Codes'!$A$2:$A9,MATCH(Draft!E6,'Solution Codes'!$B$2:$B9,0)))} | F6: {=IFERROR(INDEX('Solution Codes'!$A$2:$A9,MATCH(Draft!F6,'Solution Codes'!$B$2:$B9,0)))} | G6: {=IFERROR(INDEX('Solution Codes'!$A$2:$A9,MATCH(Draft!G6,'Solution Codes'!$B$2:$B9,0)))} | H6: {=IFERROR(INDEX('Solution Codes'!$A$2:$A9,MATCH(Draft!H6,'Solution Codes'!$B$2:$B9,0)))} | I6: {=IFERROR(INDEX('Solution Codes'!$A$2:$A9,MATCH(Draft!I6,'Solution Codes'!$B$2:$B9,0)))} | J6: {=IFERROR(INDEX('Solution Codes'!$A$2:$A9,MATCH(Draft!J6,'Solution Codes'!$B$2:$B9,0)))} | K6: {=IFERROR(INDEX('Solution Codes'!$A$2:$A9,MATCH(Draft!K6,'Solution Codes'!$B$2:$B9,0)))}
A7: L6 | B7: Secondary Clarifier | C7: {=IFERROR(INDEX('Solution Codes'!$A$2:$A9,MATCH(Draft!C7,'Solution Codes'!$B$2:$B9,0)))} | D7: {=IFERROR(INDEX('Solution Codes'!$A$2:$A9,MATCH(Draft!D7,'Solution Codes'!$B$2:$B9,0)))} | E7: {=IFERROR(INDEX('Solution Codes'!$A$2:$A9,MATCH(Draft!E7,'Solution Codes'!$B$2:$B9,0)))} | F7: {=IFERROR(INDEX('Solution Codes'!$A$2:$A9,MATCH(Draft!F7,'Solution Codes'!$B$2:$B9,0)))} | G7: {=IFERROR(INDEX('Solution Codes'!$A$2:$A9,MATCH(Draft!G7,'Solution Codes'!$B$2:$B9,0)))} | H7: {=IFERROR(INDEX('Solution Codes'!$A$2:$A9,MATCH(Draft!H7,'Solution Codes'!$B$2:$B9,0)))} | I7: {=IFERROR(INDEX('Solution Codes'!$A$2:$A9,MATCH(Draft!I7,'Solution Codes'!$B$2:$B9,0)))} | J7: {=IFERROR(INDEX('Solution Codes'!$A$2:$A9,MATCH(Draft!J7,'Solution Codes'!$B$2:$B9,0)))} | K7: {=IFERROR(INDEX('Solution Codes'!$A$2:$A9,MATCH(Draft!K7,'Solution Codes'!$B$2:$B9,0)))}
A8: L7 | B8: Primary Treatment Stage | C8: {=IFERROR(INDEX('Solution Codes'!$A$2:$A9,MATCH(Draft!C8,'Solution Codes'!$B$2:$B9,0)))} -> S16 | D8: {=IFERROR(INDEX('Solution Codes'!$A$2:$A9,MATCH(Draft!D8,'Solution Codes'!$B$2:$B9,0)))} | E8: {=IFERROR(INDEX('Solution Codes'!$A$2:$A9,MATCH(Draft!E8,'Solution Codes'!$B$2:$B9,0)))} | F8: {=IFERROR(INDEX('Solution Codes'!$A$2:$A9,MATCH(Draft!F8,'Solution Codes'!$B$2:$B9,0)))} | G8: {=IFERROR(INDEX('Solution Codes'!$A$2:$A9,MATCH(Draft!G8,'Solution Codes'!$B$2:$B9,0)))} | H8: {=IFERROR(INDEX('Solution Codes'!$A$2:$A9,MATCH(Draft!H8,'Solution Codes'!$B$2:$B9,0)))} | I8: {=IFERROR(INDEX('Solution Codes'!$A$2:$A9,MATCH(Draft!I8,'Solution Codes'!$B$2:$B9,0)))} | J8: {=IFERROR(INDEX('Solution Codes'!$A$2:$A9,MATCH(Draft!J8,'Solution Codes'!$B$2:$B9,0)))} | K8: {=IFERROR(INDEX('Solution Codes'!$A$2:$A9,MATCH(Draft!K8,'Solution Codes'!$B$2:$B9,0)))}
A9: L8 | B9: Sludge Handling Operations | C9: {=IFERROR(INDEX('Solution Codes'!$A$2:$A9,MATCH(Draft!C9,'Solution Codes'!$B$2:$B9,0)))} -> S19 | E9: {=IFERROR(INDEX('Solution Codes'!$A$2:$A9,MATCH(Draft!E9,'Solution Codes'!$B$2:$B9,0)))} | F9: {=IFERROR(INDEX('Solution Codes'!$A$2:$A9,MATCH(Draft!F9,'Solution Codes'!$B$2:$B9,0)))} | G9: {=IFERROR(INDEX('Solution Codes'!$A$2:$A9,MATCH(Draft!G9,'Solution Codes'!$B$2:$B9,0)))} | H9: {=IFERROR(INDEX('Solution Codes'!$A$2:$A9,MATCH(Draft!H9,'Solution Codes'!$B$2:$B9,0)))} | I9: {=IFERROR(INDEX('Solution Codes'!$A$2:$A9,MATCH(Draft!I9,'Solution Codes'!$B$2:$B9,0)))} | J9: {=IFERROR(INDEX('Solution Codes'!$A$2:$A9,MATCH(Draft!J9,'Solution Codes'!$B$2:$B9,0)))} | K9: {=IFERROR(INDEX('Solution Codes'!$A$2:$A9,MATCH(Draft!K9,'Solution Codes'!$B$2:$B9,0)))}

Sheet Draft
A1: CODE | B1: CAUSE | C1: SOLUTION
A2: L1 | B2: Secondary Effluent Stream | C2: Spills / Slug Loads
A3: L2 | B3: Diverted Sidestream (Bypassing Secondary Treatment) | C3: Spills / Slug Loads
A4: L3 | B4: Aeration Basin
A5: L4 | B5: Distribution Channel (Aeration Basin Outlet to Splitter Box) | C5: O&M - General
A6: L5 | B6: Distribution Channel (Splitter Box to Secondary Clarifier Center Well) | C6: O&M - General
A7: L6 | B7: Secondary Clarifier
A8: L7 | B8: Primary Treatment Stage | C8: O&M - Pre/Primary treatment
A9: L8 | B9: Sludge Handling Operations | C9: O&M - Sludge Thickening/ Dewatering Operations | D9: O&M - Anaerobic Digester

Sheet Solution Codes
A1: ID | B1: SOLUTION
A2: S1 | B2: RAS
A3: S2 | B3: WAS
A4: S3 | B4: Aeration
A5: S4 | B5: Acid Dosing
A6: S5 | B6: Alkali Dosing
A7: S6 | B7: Nutrient Dosing
A8: S7 | B8: Polymer Dosing
A9: S8 | B9: Chlorine Dosing
A10: S9 | B10: Odor Control
A11: S10 | B11: DO Supplementation
A12: S11 | B12: Bioaugmentation
... A22: S21 | B22: O&M - General
